defect,strain_xx,strain_yy,strain_zz,strain_xy,strain_yz,strain_xz,norm_disp
2Fe_Ti_+1_3_+U,0.008202275486047567,0.008202275486047558,0.005796131622334001,-3.0376896332988414e-05,-1.4045605478451224e-05,-1.4045605478450458e-05,0.06840317058177134
2Fe_Ti_+2_3_+U,0.00830549311537622,0.008305493115376216,0.005873640140478792,-3.177804042188554e-05,-1.527225336262307e-05,-1.5272253362621836e-05,0.06856669879624375
2Fe_Ti_-1_3_+U,0.0056830146218784,0.005683014621878405,0.005659639253899171,0.00012439540246348018,5.694836321623138e-05,5.694836321623012e-05,0.0648853321860327
2Fe_Ti_-2_3_+U,0.006383290704412908,0.0063832907044129045,0.006352549046126653,-5.684798759891591e-06,-5.476145000467177e-06,-5.4761450004673264e-06,0.0649950628656364
2Fe_Ti_0_3_+U,0.007076278042579531,0.00707627804257953,0.005981400906327867,-1.509186535205719e-05,-7.660573635943723e-06,-7.660573635943001e-06,0.06366595702139403
2Fe_Ti_V_O_+1_3_+U,0.0064208973156931705,0.006420897315693176,0.004699731629604725,4.880228162199904e-07,2.1204914961370897e-06,2.120491496138421e-06,0.07645898422654716
2Fe_Ti_V_O_+2_3_+U,0.00592182653417163,0.005921826534171641,0.004976657930337504,0.0007220869354882767,0.00035362706311491723,0.0003536270631149164,0.07072636018608819
2Fe_Ti_V_O_0_3_+U,0.005691260395423577,0.005691260395423582,0.004833722437258604,-2.921913100652387e-07,3.6557348090347076e-06,3.6557348090357397e-06,0.07895487722347001
Fe_Ti_-1_3_+U,0.005460218023522108,0.005460218023522103,0.005460218023522103,4.1159090260446846e-05,4.115909026044742e-05,4.115909026044689e-05,0.06310219866482945
Fe_Ti_0_3_+U,0.006070141678102122,0.006070141678102126,0.006070141678102121,7.751184675894497e-05,7.751184675894455e-05,7.751184675894505e-05,0.06364207085895439
Fe_Ti_V_O_+1_0_3_+U,0.006428772649890587,0.006428772649890595,0.005100198730169973,0.0007783130028385877,0.0003740110973233839,0.00037401109732338177,0.07029548469131901
Fe_Ti_V_O_+2_0_3_+U,0.0063894689238022835,0.006389468923802294,0.005129128847916979,0.0007489551014150999,0.00037825394844636284,0.00037825394844636154,0.07002971350556368
Fe_Ti_V_O_0_3_+U,0.006373170649448104,0.006373170649448095,0.005183855655508729,0.0007435702156526371,0.00034234534083673105,0.00034234534083673273,0.06952417367643851
VO_+1_3_+U,0.00514653528141242,0.003280688652463281,0.003280688652463279,0.0003139487499068121,0.0006805026819423038,0.0003139487499068123,0.07952874886173482
VO_+2_3_+U,0.005165244150700573,0.003459420244015493,0.0034594202440154896,0.00028532918435384704,0.000659297314216422,0.0002853291843538468,0.07789872538645179
VO_0_3_+U,0.005487659062395293,0.0037906497427414726,0.003790649742741472,0.00013141775500612733,0.0007834392835992458,0.00013141775500612705,0.07708910213216355
